{"true_label": [1], "p_gens": [[-0.0029724901542067528], [-0.010431850329041481], [-0.0036621559411287308], [-0.04675063490867615], [-0.02157270908355713], [-0.029436558485031128], [0.024280916899442673], [0.2112910896539688], [0.005740560591220856], [0.038149427622556686], [0.12585972249507904], [0.019213581457734108], [0.004363798536360264], [0.04108923673629761], [-0.008241496980190277], [-0.03147014230489731], [0.013974322937428951], [0.03437855839729309], [0.1012606993317604], [0.23731635510921478], [0.04501062631607056], [0.07178094983100891], [0.01663423515856266], [-0.000490435806568712], [-0.017541268840432167], [0.2703147530555725], [0.14764289557933807], [0.09774627536535263], [0.011004587635397911], [0.03138362616300583], [-0.15573111176490784], [0.00878363661468029], [-0.01812143065035343], [0.014207945205271244], [0.017177751287817955], [0.09735578298568726], [0.021525820717215538], [0.03851016238331795], [0.01655779406428337], [0.006088164635002613], [0.011341470293700695], [0.04079820215702057], [0.09375637769699097], [0.2409294992685318], [0.0026059718802571297], [-0.031611427664756775], [-0.025345349684357643], [-0.04044504463672638], [0.03988371044397354], [0.05695725232362747], [-0.0013299186248332262], [0.03458059951663017], [0.025295376777648926], [0.02534262277185917], [-0.007978475652635098], [0.0044540418311953545], [-0.0023902435787022114], [-0.01486887875944376], [-0.0008396819466724992], [0.03372254967689514], [0.05517379567027092], [0.05436379462480545], [0.00844135507941246], [0.011166638694703579], [0.1469734013080597], [-0.012241608463227749], [-0.016528859734535217], [0.050205718725919724], [-0.10053444653749466], [-0.04016868770122528], [0.02430671826004982], [-0.04568994790315628], [-0.047773703932762146], [0.012387558817863464], [0.013423438183963299], [-0.011996067129075527], [0.1119837537407875], [-0.03841782733798027], [-0.004367578309029341], [-0.01209720503538847], [-0.004083538427948952], [-0.037621721625328064], [-0.02688133344054222], [-0.024702245369553566], [-0.012570369988679886], [-0.013129185885190964], [-0.045636631548404694], [-0.03024958446621895], [-0.021264072507619858], [0.005369810853153467], [-0.022508764639496803], [-0.0013504112139344215], [0.010339317843317986], [0.025216493755578995], [-0.038232095539569855], [-0.006730557885020971], [0.10731981694698334], [-0.007505117915570736], [0.11980157345533371], [-0.0032155399676412344], [0.012460775673389435], [-0.010357216000556946], [0.0006737923249602318], [0.005289552267640829], [0.01431019976735115], [0.004224694799631834], [-0.0016425569774582982], [0.004111809656023979], [0.15172865986824036], [0.0766458585858345], [0.2033587247133255], [0.08863437920808792], [-0.0019617993384599686], [0.006201271433383226], [-0.006079134996980429], [0.009460682049393654], [-0.00033648632233962417], [0.006734492257237434], [0.0049205138348042965], [0.00041830880218185484], [3.2640702556818724e-05], [5.073612555861473e-06], [0.002498234622180462], [0.006301607005298138], [-0.027359720319509506], [-0.006346794776618481], [0.016753150150179863], [0.004137529991567135], [0.01609061472117901], [0.005745879374444485], [-0.002799051348119974], [-0.006581724155694246], [-0.016331709921360016], [-8.756200259085745e-05], [3.177475446136668e-05], [-3.111052865278907e-05], [0.0], [0.0], [0.0], [0.0], [0.0], [0.0], [0.0], [0.0], [0.0], [0.0], [0.0], [0.0], [0.0], [0.0]], "decoded_lst": ["p", "id", "p", "num", "comparison", "of", "the", "nucleotide", "base", "and", "deduced", "amino", "acid", "sequences", "to", "public", "using", "a", "blast", "algorithm", "s", "f", "et", "al", "i", "nucleic", "acids", "res", "i", "reveals", "that", "the", "most", "similar", "known", "sequences", "are", "about", "identical", "to", "the", "amino", "acid", "sequence", "of", "reported", "herein", "over", "a", "length", "of", "amino", "acids", "preferred", "amino", "acid", "fragments", "are", "at", "least", "about", "identical", "to", "the", "sequences", "where", "those", "sequences", "that", "are", "identical", "are", "particularly", "suitable", "and", "those", "sequences", "that", "are", "about", "identical", "are", "most", "preferred", "preferred", "encoding", "nucleic", "acid", "sequences", "corresponding", "to", "the", "instant", "orf", "are", "those", "encoding", "active", "proteins", "and", "which", "are", "at", "least", "about", "identical", "to", "the", "nucleic", "acid", "sequences", "encoding", "reported", "where", "those", "sequences", "that", "are", "identical", "are", "particularly", "suitable", "and", "those", "sequences", "that", "are", "about", "identical", "are", "most", "preferred", "p"], "abstract_str": " p id  p 0099  num  0123  Comparison of the LPAAT2 nucleotide base and deduced amino acid sequences to public databases, using a BLAST algorithm (Altschul, S  F , et al ,  i Nucleic Acids Res    i 25 3389 3402 (1997)), reveals that the most similar known sequences are about 33  identical to the amino acid sequence of LPAAT2 reported herein over a length of 308 amino acids  Preferred amino acid fragments are at least about 70  80  identical to the sequences herein, where those sequences that are 85  90  identical are particularly suitable and those sequences that are about 95  identical are most preferred  Similarly, preferred LPAAT2 encoding nucleic acid sequences corresponding to the instant ORF are those encoding active proteins and which are at least about 70  80  identical to the nucleic acid sequences encoding LPAAT2 reported herein, where those sequences that are 85  90  identical are particularly suitable and those sequences that are about 95  identical are most preferred   p ", "pred_prob": [[0.07697096467018127, 0.795849084854126, 0.035272084176540375, 0.06280037760734558, 0.02910749986767769]], "pred_label": [1]}
