{"true_label": [0], "p_gens": [[-0.008856040425598621], [-0.05089857429265976], [-0.03792514652013779], [-0.039706677198410034], [-0.06255090981721878], [-0.0026542581617832184], [0.01845315843820572], [0.018024396151304245], [-0.010115000419318676], [-0.02922721393406391], [-0.0032771783880889416], [0.07078564167022705], [0.0], [0.07279949635267258], [0.02651400864124298], [-0.03650451451539993], [0.03572479262948036], [0.03073740564286709], [0.0203676987439394], [0.011188000440597534], [-0.00995909795165062], [0.012943554669618607], [0.01740437187254429], [0.007605055347084999], [-0.02730763703584671], [0.010688326321542263], [0.07621508836746216], [0.01275877095758915], [0.08894793689250946], [0.06887103617191315], [0.01932111382484436], [-0.005621477495878935], [0.04408382624387741], [0.06370504945516586], [0.09425672888755798], [0.052227117121219635], [0.0831182524561882], [0.02273993380367756], [0.019737940281629562], [0.0], [-0.007196357473731041], [-0.005985736846923828], [0.0381309799849987], [0.024835968390107155], [0.0016325919423252344], [-0.04879014566540718], [0.014343224465847015], [0.019162854179739952], [0.041762057691812515], [-0.004118040204048157], [0.06750894337892532], [0.05237137898802757], [0.002209681086242199], [0.0007253902149386704], [0.0060540176928043365], [-0.0450010672211647], [0.013691109605133533], [0.05125075951218605], [0.0852653831243515], [-0.010559887625277042], [-0.00023156058159656823], [0.027737129479646683], [0.03690274804830551], [0.16939234733581543], [0.07477199286222458], [0.012627676129341125], [0.011253553442656994], [-0.01611945964396], [0.004357628989964724], [0.03573135659098625], [0.02007841318845749], [0.049028683453798294], [0.006110190413892269], [-0.010736904107034206], [0.004030448850244284], [0.02157481573522091], [0.00937179196625948], [0.001094325096346438], [0.016783419996500015], [0.011028728447854519], [0.06365124136209488], [-0.030843427404761314], [-0.0006413547089323401], [-0.022017952054739], [0.055075570940971375], [0.08248195052146912], [-0.00041374180000275373], [0.006756781600415707], [-0.02415534108877182], [0.022703921422362328], [0.010757935233414173], [0.026810171082615852], [0.024199215695261955], [-0.004262627102434635], [0.04865383356809616], [0.004030767362564802], [0.015809588134288788], [-0.0038840656634420156], [0.011050699278712273], [0.008926467038691044], [-0.004470114596188068], [0.008612997829914093], [0.013397563248872757], [0.06320838630199432], [0.021572325378656387], [-0.0053613679483532906], [-0.09304265677928925], [-0.054999906569719315], [-0.04382449388504028], [-0.008351183496415615], [-0.013301633298397064], [-0.021905945613980293], [-0.03166913986206055], [-0.015716522932052612], [-0.010831311345100403], [-0.00601672800257802], [-0.0034122734796255827], [-0.011628197506070137], [-0.010097888298332691], [-0.0059433369897305965], [0.0400518961250782], [0.03773055598139763], [0.02227989211678505], [-0.0003287473227828741], [0.004039584659039974], [-0.003959041088819504], [-0.004571919795125723], [-0.00017524321447126567], [-4.460729905986227e-05], [0.0], [0.0002680560282897204], [-1.570802487549372e-05], [5.325179699866567e-06], [0.0], [0.0], [0.0], [0.0], [0.0], [0.0], [0.0], [0.0], [0.0], [0.0], [0.0], [0.0], [0.0], [0.0], [0.0], [0.0], [0.0]], "decoded_lst": ["p", "id", "p", "num", "discrete", "ionic", "activators", "such", "as", "me", "sub", "sub", "phnh", "sub", "sub", "f", "sub", "sub", "sub", "sub", "bu", "sub", "sub", "nh", "bf", "sub", "sub", "nh", "sub", "sub", "pf", "sub", "sub", "nh", "sub", "sub", "sbf", "sub", "sub", "nh", "sub", "sub", "asf", "sub", "sub", "nh", "sub", "sub", "sub", "sub", "h", "sub", "sub", "sub", "sub", "or", "lewis", "acidic", "activators", "such", "as", "sub", "sub", "f", "sub", "sub", "sub", "sub", "or", "sub", "sub", "h", "sub", "sub", "sub", "sub", "can", "be", "discrete", "ionic", "activators", "provide", "for", "an", "activated", "catalyst", "site", "and", "a", "relatively", "non", "coordinating", "weakly", "anion", "activators", "of", "this", "type", "are", "well", "known", "in", "the", "see", "for", "instance", "w", "beck", "et", "al", "chem", "rev", "vol", "p", "s", "h", "chem", "rev", "vol", "p", "u", "s", "pat", "nos", "and", "and", "p"], "abstract_str": " p id  p 0053  num  0082  Additionally, discrete ionic activators such as  Me sub 2  sub PhNH  B(C sub 6  sub F sub 5  sub ) sub 4  sub  ,  Bu sub 3  sub NH  BF sub 4  sub  ,  NH sub 4  sub   PF sub 6  sub  ,  NH sub 4  sub   SbF sub 6  sub  ,  NH sub 4  sub   AsF sub 6  sub  ,  NH sub 4  sub   B(C sub 6  sub H sub 5  sub ) sub 4  sub   or Lewis acidic activators such as B(C sub 6  sub F sub 5  sub ) sub 3   sub or B(C sub 6  sub H sub 5  sub ) sub 3   sub can be used, Discrete ionic activators provide for an activated catalyst site and a relatively non coordinating (or weakly coordinating) anion  Activators of this type are well known in the literature, see for instance W  Beck , et al , Chem  Rev , Vol  88, p  1405 1421 (1988)  S  H  Strauss, Chem  Rev , Vol  93, p  927 942 (1993)  U S  Pat  Nos  5,198,401, 5,278,119, 5,387,568, 5,763,549, 5,807,939, 6,262,202, and WO93 14132, WO99 45042 WO01 30785, and WO01 42249   p ", "pred_prob": [[0.526147186756134, 0.17564797401428223, 0.1119016483426094, 0.06818321347236633, 0.11811988055706024]], "pred_label": [0]}
