{"true_label": [1], "p_gens": [[0.005282536149024963], [-0.0007268342887982726], [-0.026666956022381783], [-0.030087120831012726], [0.0006854691309854388], [0.06430445611476898], [0.1528363823890686], [0.07416708022356033], [0.20831194519996643], [0.0204955842345953], [0.14419953525066376], [-0.02251729927957058], [0.07607942819595337], [-0.12196530401706696], [0.007496516220271587], [0.0358930304646492], [0.006955580785870552], [-0.005128636956214905], [0.004718741402029991], [-0.07881180942058563], [0.023602239787578583], [-0.04414829984307289], [0.10358336567878723], [-0.0013486836105585098], [0.06174721568822861], [0.006501171737909317], [-0.07790185511112213], [-0.019305674359202385], [-0.00789427850395441], [0.017464028671383858], [-0.005556472577154636], [0.058690235018730164], [0.018376609310507774], [0.023698996752500534], [0.021050095558166504], [0.0], [0.05970809608697891], [0.031150776892900467], [0.0], [0.019977908581495285], [-0.0052874889224767685], [0.007815324701368809], [0.016695959493517876], [0.0], [0.10311433672904968], [0.10270054638385773], [0.020111892372369766], [0.0047164978459477425], [0.02387174218893051], [-0.10366155952215195], [-0.0037003757897764444], [0.006652737036347389], [0.0], [0.0073704528622329235], [-0.008390042930841446], [0.012417109683156013], [-0.004484620876610279], [0.032859329134225845], [-0.0025675715878605843], [-0.015130208805203438], [-0.010645683854818344], [-0.012397975660860538], [-0.013318153098225594], [-0.01842932030558586], [-0.03212562948465347], [-0.036097314208745956], [-0.06083586812019348], [-0.04441889747977257], [-0.05287220701575279], [-0.02994583733379841], [0.0017033099429681897], [-0.013834402896463871], [-0.050395652651786804], [0.0], [-0.003503207815811038], [-0.008881794288754463], [-0.055257491767406464], [0.004156492184847593], [0.0], [0.008611343801021576], [0.05780418589711189], [-0.006542630027979612], [-0.018796881660819054], [-0.025392770767211914], [0.0], [0.017812607809901237], [-0.004303482361137867], [0.048561785370111465], [0.00035478873178362846], [0.02085770107805729], [0.004676826763898134], [0.04006868600845337], [-0.008567428216338158], [-0.015281532891094685], [0.008692007511854172], [-0.008748161606490612], [0.05333346128463745], [-0.004632796626538038], [0.06509903073310852], [0.05764538794755936], [0.012536169961094856], [-0.0007657130481675267], [-0.0014861993258818984], [-4.397773591335863e-05], [0.0], [0.0], [0.0], [0.0], [0.0], [0.0], [-0.0012061839224770665], [-0.0007979089859873056], [-0.0009195390739478171], [0.0], [0.0], [0.0], [0.0], [0.0], [0.0], [0.0], [-0.00047093970351852477], [-0.0001243150036316365], [-0.00012809500913135707], [0.0], [0.0], [0.0], [0.0], [0.0], [0.0], [0.0], [-0.0001279849821003154], [-0.0003200437349732965], [-0.0006273568724282086], [0.0], [0.0], [0.0], [0.0], [0.0], [0.0], [0.0], [0.0], [0.0], [0.0], [0.0], [0.0], [0.0], [0.0], [0.0], [0.0], [0.0]], "decoded_lst": ["p", "id", "p", "num", "starting", "materials", "were", "commercially", "available", "reactions", "were", "monitored", "by", "thin", "layer", "chromatography", "and", "compounds", "were", "characterized", "by", "liquid", "chromatography", "mass", "spectrometry", "and", "nuclear", "magnetic", "resonance", "spectroscopy", "compounds", "were", "synthesized", "starting", "from", "nitrophenyl", "acetic", "and", "cmpd", "was", "synthesized", "starting", "from", "nitrophenyl", "boronic", "acid", "based", "on", "established", "routes", "for", "preparing", "pyrazolopyrimidines", "as", "known", "in", "the", "art", "et", "al", "i", "j", "american", "chemical", "society", "i", "bishop", "et", "al", "i", "curr", "biol", "i", "blethrow", "et", "al", "i", "curr", "protoc", "mol", "biol", "chapter", "i", "unit", "apsel", "et", "al", "nat", "chem", "biol", "dar", "et", "al", "chem", "biol", "with", "modifications", "as", "described", "herein", "p"], "abstract_str": " p id  p 0190  num  0195  Starting materials were commercially available  Reactions were monitored by thin layer chromatography (TLC), and compounds were characterized by liquid chromatography mass spectrometry (LC MS) and nuclear magnetic resonance (NMR) spectroscopy  Compounds 1 4 were synthesized starting from 3 nitrophenyl acetic acid, and Cmpd 5 was synthesized starting from 4 nitrophenyl boronic acid based on established routes for preparing pyrazolopyrimidines as known in the art (Bishop et al , 1999,  i J American Chemical Society   i 121 627 631  Bishop et al , 1998,  i Curr Biol   i 8 257 266  Blethrow et al , 2004,  i Curr Protoc Mol Biol Chapter   i 18, Unit 18 11  Apsel et al , 2008, Nat  Chem  Biol  4 691 699  Dar et al , 2008, Chem  Biol  20 1015 1022) with modifications as described herein   p ", "pred_prob": [[0.3246527910232544, 0.3100133538246155, 0.16772036254405975, 0.13118723034858704, 0.06642632931470871]], "pred_label": [0]}
