{"true_label": [0], "p_gens": [[-0.08926340192556381], [-0.05946555733680725], [-0.06869891285896301], [-0.005698453634977341], [-0.0014972336357459426], [-0.0007387163350358605], [-0.019392305985093117], [0.04059956595301628], [0.024461042135953903], [-0.008015468716621399], [-0.03298868238925934], [-0.03246472030878067], [-0.013490022160112858], [0.00746232271194458], [0.03692491725087166], [0.3075443506240845], [0.02751787006855011], [0.008777111768722534], [-0.00723502691835165], [-0.0013093026354908943], [-0.03157421946525574], [0.0036744701210409403], [0.009805256500840187], [0.3341979384422302], [0.2169542759656906], [-0.06580470502376556], [0.002807461889460683], [-0.025524573400616646], [-0.006565287243574858], [0.016678854823112488], [0.04924195632338524], [-0.024720516055822372], [0.01789870113134384], [0.04091935604810715], [-0.022227680310606956], [-0.042631618678569794], [-0.2030128389596939], [-0.08108755201101303], [-0.044364750385284424], [0.38868796825408936], [-0.0543891116976738], [-0.13010819256305695], [-0.10612139105796814], [-0.034277379512786865], [-0.025760944932699203], [0.1462876945734024], [-0.04163073003292084], [-0.04351545125246048], [-0.024255793541669846], [-0.024829182773828506], [0.0042014289647340775], [0.07166511565446854], [0.0028868301305919886], [-0.03953562676906586], [0.12329733371734619], [0.07610609382390976], [0.03810592740774155], [-0.004228879231959581], [-0.01336327102035284], [0.008343217894434929], [-0.001470395945943892], [0.024939164519309998], [0.006312311161309481], [0.0], [-0.006088580936193466], [0.0], [0.1625109165906906], [0.005488104186952114], [-0.013495925813913345], [0.11769547313451767], [0.01670336164534092], [0.00021343532716855407], [0.013691451400518417], [-0.004351482726633549], [-0.011626740917563438], [0.005518391262739897], [0.0003858652780763805], [0.03884096443653107], [0.0], [0.020442530512809753], [0.032406434416770935], [-0.011875469237565994], [0.0], [0.03648717328906059], [0.06880133599042892], [0.005765820853412151], [0.00661583011969924], [0.016760483384132385], [0.03399621322751045], [-0.002429373562335968], [-0.030263476073741913], [0.01683160662651062], [0.006739575415849686], [0.004985618405044079], [0.011703281663358212], [-0.004785225726664066], [0.002525186166167259], [0.007737042848020792], [0.010960849933326244], [-0.0145928505808115], [0.012764220125973225], [0.0004493730375543237], [-0.026727382093667984], [-0.027760088443756104], [0.019133402034640312], [0.00822792574763298], [0.02836523950099945], [0.06627922505140305], [0.010259929113090038], [0.00303074112161994], [-0.004613051190972328], [-0.07530511915683746], [0.000842596753500402], [0.0005606853519566357], [0.00011180171713931486], [0.0], [0.0], [0.0], [0.0], [0.0], [0.00017828168347477913], [0.0001730055082589388], [0.00023783350479789078], [0.0], [0.0], [0.0], [0.0], [0.0], [0.0], [0.0], [0.00037329670158214867], [-7.934845780255273e-05], [-3.549659231794067e-05], [0.0], [0.0], [0.0], [0.0], [0.0], [0.0], [0.0], [0.0], [0.0], [0.0], [0.0], [0.0], [0.0], [0.0], [0.0], [0.0], [0.0]], "decoded_lst": ["para", "id", "p", "lvl", "ptext", "pdat", "the", "proteasome", "is", "a", "non", "compartmentalized", "collection", "of", "unrelated", "proteases", "which", "form", "a", "common", "architecture", "in", "which", "proteolytic", "subunits", "are", "self", "assembled", "to", "form", "barrel", "shaped", "complexes", "et", "al", "pdat", "hil", "italic", "pdat", "cell", "pdat", "italic", "hil", "pdat", "the", "proteasome", "contains", "an", "array", "of", "distinct", "proteolytic", "activities", "inside", "eukaryotic", "cells", "among", "these", "are", "activities", "that", "assist", "in", "translocating", "nf", "kgr", "b", "to", "the", "nucleus", "where", "it", "exerts", "its", "effect", "compounds", "which", "inhibit", "proteasomal", "activity", "reduce", "nf", "kgr", "b", "activity", "by", "limiting", "its", "capacity", "to", "be", "translocated", "to", "the", "nucleus", "et", "al", "pdat", "hil", "italic", "pdat", "new", "engl", "j", "med", "pdat", "italic", "hil", "pdat", "pdat", "ptext", "para"], "abstract_str": " PARA ID  P 00011  LVL  0   PTEXT  PDAT The proteasome is a non compartmentalized collection of unrelated proteases which form a common architecture in which proteolytic subunits are self assembled to form barrel shaped complexes (Baumeister et al    PDAT  HIL  ITALIC  PDAT Cell   PDAT   ITALIC   HIL  PDAT (1998) 92 367 380)  The proteasome contains an array of distinct proteolytic activities inside eukaryotic cells  among these are activities that assist in translocating NF  kgr B to the nucleus where it exerts its effect  Compounds which inhibit proteasomal activity reduce NF  kgr B activity by limiting its capacity to be translocated to the nucleus (Barnes et al    PDAT  HIL  ITALIC  PDAT New Engl J Med   PDAT   ITALIC   HIL  PDAT (1997) 336 1066 1071)   PDAT   PTEXT   PARA ", "pred_prob": [[0.3504810631275177, 0.15569812059402466, 0.3306780159473419, 0.11544118076562881, 0.047701604664325714]], "pred_label": [0]}
