{"true_label": [0], "p_gens": [[-0.005752925761044025], [-0.04759970307350159], [-0.03356769680976868], [-0.04171987622976303], [0.0065201204270124435], [-0.009460294619202614], [-0.011003484018146992], [-0.07375327497720718], [0.019596831873059273], [-0.003925474360585213], [-0.004465158097445965], [-0.0025864052586257458], [-0.02812313288450241], [0.108245849609375], [-0.04797099903225899], [0.0], [0.10930290818214417], [-0.05720341578125954], [-0.003421400673687458], [-0.04979962855577469], [-0.00975705124437809], [0.02680704928934574], [-0.0167373139411211], [0.18361234664916992], [0.03702466934919357], [-0.005737773608416319], [-0.03431003540754318], [0.022326217964291573], [0.0], [0.031632035970687866], [0.0], [0.026209253817796707], [0.0], [-0.011681928299367428], [-0.06797314435243607], [-0.04114922508597374], [0.015761472284793854], [0.08567693829536438], [0.08586384356021881], [0.07534419745206833], [-0.04034598544239998], [-0.010083561763167381], [-0.0735078901052475], [0.04711136594414711], [-0.002098962664604187], [0.01818394847214222], [0.0007818280719220638], [0.15561209619045258], [0.18407635390758514], [-0.00683431513607502], [0.0029619901906698942], [0.0263839028775692], [0.02921093814074993], [0.01680312678217888], [-0.017559053376317024], [-0.03405379503965378], [0.008561876602470875], [0.0], [-0.005234398879110813], [-0.0018733147298917174], [0.008495453745126724], [-0.003649211023002863], [0.02511981874704361], [0.04001506045460701], [0.0], [0.009735566563904285], [-0.012828385457396507], [0.003967132419347763], [0.060107797384262085], [0.23138177394866943], [0.22184716165065765], [-0.02342965081334114], [0.008270008489489555], [6.065773777663708e-05], [0.0], [-0.014745732769370079], [0.01028113067150116], [0.006428888998925686], [-0.0005161706358194351], [0.028862755745649338], [0.055181171745061874], [0.0013237609528005123], [0.0007290796493180096], [-0.012843718752264977], [-0.01432646531611681], [0.008730705827474594], [-0.010545536875724792], [-0.0011992673389613628], [0.12805040180683136], [0.032244253903627396], [-0.0365651473402977], [-0.05705316737294197], [-0.040829677134752274], [0.055262014269828796], [0.09216608107089996], [0.004038934595882893], [0.006219853181391954], [-0.0008915573125705123], [-0.014516061171889305], [0.008995380252599716], [-0.006899568717926741], [0.004293255042284727], [-0.010771181434392929], [0.008795936591923237], [0.023929061368107796], [0.015453942120075226], [0.0], [0.018896102905273438], [0.049393825232982635], [-0.004872857592999935], [-0.019604485481977463], [-0.010023912414908409], [-0.008747306652367115], [-0.0037404890172183514], [-0.003853042609989643], [-0.006610210053622723], [0.0], [0.0], [-0.011945662088692188], [-0.020352022722363472], [-0.023276682943105698], [0.008503195829689503], [0.06780074536800385], [0.034073278307914734], [0.0035983705893158913], [0.02495132014155388], [0.003749080467969179], [0.004871529061347246], [0.008000718429684639], [-0.00260915351100266], [0.022718360647559166], [0.009045341983437538], [0.01871878281235695], [-3.2226776966126636e-05], [-1.4651463061454706e-05], [-8.797487680567428e-05], [0.0], [0.0], [0.0], [0.0], [0.0], [0.0], [0.0], [0.0], [0.0], [0.0], [0.0], [0.0], [0.0], [0.0]], "decoded_lst": ["p", "id", "p", "num", "primarily", "on", "the", "basis", "of", "studies", "with", "the", "red", "alga", "i", "cyanidium", "caldarium", "i", "these", "investigators", "proposed", "that", "the", "biosynthesis", "of", "the", "two", "major", "phycobiliprotein", "chromophore", "phycoerythrobilin", "and", "phycocyanobilin", "requires", "two", "ferredoxin", "dependent", "bilin", "reductases", "and", "several", "double", "bond", "isomerases", "the", "first", "bilin", "reductase", "catalyzes", "the", "two", "electron", "reduction", "of", "bv", "at", "the", "methine", "bridge", "to", "produce", "the", "br", "isomer", "dihydrobiliverdin", "whereas", "the", "second", "bilin", "reductase", "catalyzes", "the", "conversion", "of", "dhbv", "to", "a", "formal", "two", "electron", "reduction", "of", "the", "and", "diene", "system", "in", "i", "c", "caldarium", "i", "an", "additional", "enzyme", "mediates", "the", "isomerization", "of", "peb", "to", "both", "of", "which", "appear", "to", "be", "isomerized", "to", "their", "corresponding", "isomers", "before", "assembly", "with", "the", "nascent", "phycobiliprotein", "apoproteins", "and", "cornejo", "i", "j", "biol", "chem", "i", "beale", "and", "cornejo", "i", "j", "biol", "chem", "i"], "abstract_str": " p id  p 0198  num  0197  Primarily on the basis of studies with the red alga  i Cyanidium caldarium  i , these investigators proposed that the biosynthesis of the two major phycobiliprotein chromophore precursors, phycoerythrobilin (PEB) and phycocyanobilin (PCB), requires two ferredoxin dependent bilin reductases and several double bond isomerases  The first bilin reductase catalyzes the two electron reduction of BV at the C15 methine bridge to produce the BR isomer 15,16 dihydrobiliverdin (DHBV), whereas the second bilin reductase catalyzes the conversion of 15,16 DHBV to 3Z PEB, a formal two electron reduction of the C2 and C31 diene system  In  i C  caldarium  i , an additional enzyme mediates the isomerization of 3Z PEB to 3Z PCB, both of which appear to be isomerized to their corresponding 3E isomers before assembly with the nascent phycobiliprotein apoproteins (Beale and Cornejo (1991)  i J  Biol  Chem  i   266  22328  x2013 22332  Beale and Cornejo (1991)  i J  Biol  Chem    i", "pred_prob": [[0.4980758726596832, 0.19927000999450684, 0.14817728102207184, 0.09671900421380997, 0.05775785073637962]], "pred_label": [0]}