{"true_label": [0], "p_gens": [[0.027429331094026566], [0.07438474148511887], [0.06652185320854187], [0.05192415416240692], [-0.008645313791930676], [0.031074538826942444], [0.15972144901752472], [-0.043181054294109344], [0.023418478667736053], [-0.014443562366068363], [-0.03836442530155182], [-0.10346050560474396], [-0.061766281723976135], [-0.11611553281545639], [0.0278397835791111], [0.024343442171812057], [-0.0144778648391366], [-0.04899396747350693], [0.028313396498560905], [-0.014965812675654888], [0.02204352244734764], [0.03378578647971153], [-0.033634886145591736], [-0.018269121646881104], [0.013249166309833527], [0.10797278583049774], [0.11814504116773605], [0.028629178181290627], [-0.0848328098654747], [0.2620295286178589], [0.018960513174533844], [0.005593019537627697], [0.15617406368255615], [0.03348575532436371], [0.025890910997986794], [0.15488258004188538], [-0.06228122487664223], [0.028944559395313263], [0.10028249025344849], [0.039840005338191986], [0.08890647441148758], [0.04055172577500343], [-0.021579185500741005], [-0.04903820902109146], [-0.003637877060100436], [0.11898032575845718], [-0.015159975737333298], [0.026015600189566612], [0.1504383087158203], [0.01245215255767107], [-0.007362382020801306], [0.03886217996478081], [-0.05034724995493889], [0.10732922703027725], [0.03479616343975067], [-0.0430465005338192], [-0.01958330348134041], [0.020977094769477844], [0.09879790991544724], [-0.025027494877576828], [-0.015418333001434803], [-0.03333278372883797], [-0.024799121543765068], [-0.0016636061482131481], [-0.03419828414916992], [-0.02726377733051777], [0.012020988389849663], [0.04548782482743263], [-0.06761860847473145], [-0.024188414216041565], [-0.031406085938215256], [0.08854614943265915], [0.15114383399486542], [0.0393601730465889], [0.004118659533560276], [-0.010105523280799389], [-0.03670600429177284], [0.02372008189558983], [-0.04812117666006088], [0.22937312722206116], [-0.018728211522102356], [0.3900761902332306], [0.15699760615825653], [0.09378291666507721], [0.013734006322920322], [0.0042646536603569984], [-0.008816216140985489], [0.014770161360502243], [-0.03985658288002014], [0.007590370252728462], [-0.01607690192759037], [-0.028617965057492256], [0.011071346700191498], [0.08197915554046631], [0.0035327058285474777], [0.034534066915512085], [-0.019944051280617714], [0.16501715779304504], [0.21837028861045837], [-0.04060906171798706], [0.01291806623339653], [-0.00802496075630188], [0.22221332788467407], [-0.0173379834741354], [0.014356574043631554], [0.008657719939947128], [-0.00739960977807641], [0.013408155180513859], [-0.006704145576804876], [-0.030329052358865738], [0.13941970467567444], [0.07207253575325012], [-0.012711241841316223], [-0.023679440841078758], [-0.018584569916129112], [-0.026753298938274384], [-0.021068815141916275], [0.08138367533683777], [0.09559586644172668], [0.03136126697063446], [-0.010513726621866226], [0.008294202387332916], [-0.008942769840359688], [0.04711584746837616], [0.016323786228895187], [-0.02858099341392517], [-0.014694326557219028], [-0.02550477162003517], [-0.15206344425678253], [-0.10103996098041534], [-0.08159491419792175], [-0.029252950102090836], [-0.018550626933574677], [-0.024696996435523033], [-0.17520497739315033], [0.0005084724980406463], [0.0002136926632374525], [5.657212113874266e-06], [0.0], [0.0], [2.2059235561755486e-05], [-5.546561624214519e-06], [-2.3599179257871583e-05], [0.0], [0.0], [0.0], [0.0], [0.0], [0.0], [0.0]], "decoded_lst": ["p", "id", "p", "num", "the", "ligand", "binding", "site", "of", "the", "light", "generating", "fusion", "protein", "of", "this", "additional", "embodiment", "is", "derived", "from", "the", "retinoblastoma", "protein", "et", "al", "i", "mol", "cell", "biol", "i", "describes", "rb", "protein", "an", "rb", "polypeptide", "comprises", "amino", "acid", "residues", "as", "described", "in", "more", "detail", "this", "ligand", "binding", "site", "comprises", "a", "unique", "cyclin", "binding", "domain", "derived", "from", "rb", "in", "the", "light", "generating", "fusion", "protein", "described", "where", "y", "comprises", "between", "and", "amino", "acid", "preferably", "corresponding", "to", "the", "sequence", "of", "n", "terminal", "rb", "amino", "acid", "residues", "in", "a", "preferred", "embodiment", "y", "can", "represent", "any", "sequence", "of", "n", "terminal", "amino", "acids", "of", "for", "example", "residues", "and", "so", "on", "up", "to", "and", "including", "residues", "y", "can", "also", "comprise", "between", "and", "amino", "acid", "preferably", "corresponding", "to", "the", "sequence", "of", "c", "terminal", "rb", "amino", "acid", "residues", "in", "a", "preferred", "emb"], "abstract_str": " p id  p 0110  num  0109  The ligand binding site of the light generating fusion protein of this additional embodiment is derived from the retinoblastoma (RB) protein  Adams, et al , 1999  i Mol  Cell  Biol    i 19 1068 describes RB protein  An RB polypeptide comprises 928 amino acid residues  As described in more detail below, this ligand binding site comprises a unique cyclin binding domain derived from RB  In the light generating fusion protein described above, where present, Y comprises between 1 and 900 amino acid residues, preferably corresponding to the sequence of   x201c N terminal  x201d  RB amino acid residues 1 868  Thus, in a preferred embodiment Y can represent any sequence of N terminal amino acids of RB, for example residues 794 829, and so on up to and including residues 1 868  Y  x2032  can also comprise between 1 and 600 amino acid residues, preferably corresponding to the sequence of   x201c C terminal  x201d  RB amino acid residues 879 928  Thus, in a preferred emb", "pred_prob": [[0.3472975790500641, 0.596139669418335, 0.044406428933143616, 0.01215638592839241]], "pred_label": [1]}