{"true_label": [0], "p_gens": [[-0.004433244466781616], [0.0834692120552063], [0.026003772392868996], [-0.005561026744544506], [0.0054916986264288425], [0.0022411688696593046], [-0.05416887253522873], [-0.01591811329126358], [-0.006351413205265999], [-0.09527713805437088], [0.15937340259552002], [-0.09830699861049652], [0.0018523233011364937], [-0.18082202970981598], [-0.12718534469604492], [0.003424383234232664], [0.0012765887659043074], [-0.014484114944934845], [0.019140267744660378], [-0.0477629080414772], [0.024497749283909798], [-0.13998055458068848], [-0.015284333378076553], [-0.07091590762138367], [0.03889381140470505], [0.006116780452430248], [0.0], [0.2840818464756012], [0.11296797543764114], [0.0020302138291299343], [0.038536909967660904], [0.0008418447687290609], [0.0], [0.0038637914694845676], [-0.04872404783964157], [-0.00810715276747942], [0.06991778314113617], [0.04040573537349701], [-0.004174993839114904], [0.013464806601405144], [0.05168072134256363], [-0.055028676986694336], [0.0022451782133430243], [-0.0247395858168602], [0.3028315007686615], [0.10103336721658707], [0.01198683399707079], [0.0], [0.0], [0.0], [0.3510323166847229], [-0.04348377510905266], [0.13199245929718018], [0.11138173192739487], [0.16103391349315643], [-0.0013908535474911332], [0.03868448734283447], [0.021007342264056206], [-0.0006860593566671014], [-0.04183729365468025], [-0.11734962463378906], [-0.1179211288690567], [0.006143053062260151], [0.02544596418738365], [0.0015020192367956042], [0.003009253414347768], [0.015017862431704998], [-0.05335027351975441], [0.02945675328373909], [-0.02224235236644745], [-0.07387109845876694], [0.004893207456916571], [-0.06018253415822983], [0.028002722188830376], [0.0008659180602990091], [0.0], [0.3537091612815857], [0.16071611642837524], [0.0039255148731172085], [0.06951657682657242], [0.19843022525310516], [0.001821895013563335], [0.03780690208077431], [0.08961974829435349], [0.031039897352457047], [0.07714526355266571], [0.005065213423222303], [0.003843566868454218], [-0.0034259804524481297], [-0.02442643977701664], [-0.02124546281993389], [-0.037143196910619736], [0.07209461182355881], [-0.07271923869848251], [-0.0014093308709561825], [0.008319040760397911], [0.0037765060551464558], [-0.04306294769048691], [0.03735915571451187], [0.03881198540329933], [0.0], [0.09465441107749939], [0.23418386280536652], [0.019354064017534256], [-0.0025743800215423107], [-0.017794480547308922], [0.015724124386906624], [0.03711230307817459], [0.026902657002210617], [-0.029991790652275085], [-0.043240197002887726], [0.10795749723911285], [-0.01950238272547722], [-0.010608810931444168], [0.00021031720098108053], [0.0], [-0.026187075302004814], [0.03222104534506798], [-0.0045946151949465275], [-0.024348683655261993], [0.003455688478425145], [0.005631690379232168], [-0.0014120448613539338], [0.034882552921772], [0.026779793202877045], [-0.04203197360038757], [-0.06620264798402786], [0.001818016986362636], [0.001024301047436893], [-0.06673286855220795], [0.00010618322994560003], [2.7182430130778812e-05], [-1.3171377759135794e-05], [0.0], [0.0], [6.99404608894838e-07], [-4.4544409320224077e-05], [5.792783213109942e-06], [0.0], [0.0], [2.3544424038846046e-05], [-8.944492037699092e-06], [-2.667331136763096e-05], [0.0], [0.0], [0.0], [0.0], [0.0], [0.0], [0.0]], "decoded_lst": ["para", "id", "p", "lvl", "ptext", "pdat", "the", "involvement", "of", "both", "hydroxyl", "radicals", "and", "singlet", "oxygen", "can", "be", "ruled", "out", "since", "the", "damage", "profiles", "shown", "in", "pdat", "fgref", "id", "drawings", "pdat", "fig", "pdat", "fgref", "pdat", "are", "different", "from", "those", "induced", "by", "the", "ionizing", "radiation", "and", "disodium", "salt", "of", "etheno", "benzoxlioxin", "dipropanoic", "acid", "o", "i", "b", "m", "pdat", "hil", "italic", "pdat", "j", "biol", "chem", "pdat", "italic", "hil", "pdat", "e", "s", "r", "p", "b", "pdat", "hil", "italic", "pdat", "nucl", "acids", "res", "pdat", "italic", "hil", "pdat", "in", "dna", "cleavage", "studies", "were", "examined", "in", "presence", "of", "various", "additives", "results", "of", "these", "studies", "indicate", "that", "acridine", "viologen", "bifunctional", "molecules", "can", "be", "used", "as", "reagents", "for", "induction", "of", "dna", "damage", "purely", "through", "photoinduced", "electron", "transfer", "particularly", "for", "the", "modification", "of", "guanine", "base", "in", "dna", "pdat", "ptext", "para"], "abstract_str": " PARA ID  P 00100  LVL  0   PTEXT  PDAT The involvement of both hydroxyl radicals and singlet oxygen can be ruled out since the damage profiles shown in   PDAT  FGREF ID  DRAWINGS   PDAT FIG  4  PDAT   FGREF  PDAT  are different from those induced by the ionizing radiation and disodium salt of 1,4 etheno 2,3 benzoxlioxin 1,4 dipropanoic acid (Aruoma, O  I   Halliwell, B   Dizdaroglu, M    PDAT  HIL  ITALIC  PDAT J  Biol  Chem    PDAT   ITALIC   HIL  PDAT 1989, 264, 13024  Muller, E   Boiteux, S   Cunningham, R  P   Epe, B    PDAT  HIL  ITALIC  PDAT Nucl  Acids Res    PDAT   ITALIC   HIL  PDAT 1990, 18, 5969)  In addition, DNA cleavage studies were examined in presence of various additives  Results of these studies indicate that acridine viologen bifunctional molecules can be used as reagents for induction of DNA damage purely through photoinduced electron transfer particularly for the modification (oxidation) of guanine base in DNA   PDAT   PTEXT   PARA ", "pred_prob": [[0.413984090089798, 0.4832742214202881, 0.07821842283010483, 0.024523351341485977]], "pred_label": [1]}