{"true_label": [1], "p_gens": [[0.05682431533932686], [0.04476594924926758], [-0.05727246403694153], [-0.045897047966718674], [-0.06774627417325974], [-0.007569894660264254], [0.08480117470026016], [-0.15126840770244598], [0.01103414036333561], [0.0008385954424738884], [-0.0021339445374906063], [-0.15152108669281006], [-0.056145649403333664], [-0.005487777292728424], [0.050493571907281876], [-0.13747337460517883], [-0.06498284637928009], [0.12294211238622665], [-0.1514841467142105], [0.001809306675568223], [0.016406113281846046], [0.013491356745362282], [-0.06414445489645004], [-0.025646043941378593], [-0.012794947251677513], [-0.001610639039427042], [0.041654400527477264], [0.05838164687156677], [-0.01808331161737442], [0.028357623144984245], [0.17591023445129395], [0.025335609912872314], [0.06015481427311897], [0.013175329193472862], [0.0072716413997113705], [-0.007570608984678984], [-0.2237974852323532], [-0.05944383516907692], [-0.0143586415797472], [0.048272985965013504], [0.004885219968855381], [-0.0346023254096508], [-0.0006278982618823647], [0.012873516418039799], [-0.08183171600103378], [-0.1199319139122963], [-0.04241451621055603], [-0.019576458260416985], [0.01655733585357666], [0.009230440482497215], [-0.00205188593827188], [-0.007049231324344873], [-0.02112000621855259], [0.022129368036985397], [0.023020736873149872], [0.008287070319056511], [-0.029439030215144157], [-0.08539992570877075], [0.04031712934374809], [0.007850384339690208], [0.01798008568584919], [-0.03740253672003746], [0.020410174503922462], [0.0507962740957737], [-0.09174858778715134], [0.002362065715715289], [-0.005458428990095854], [0.07637075334787369], [-0.011895449832081795], [0.08869548887014389], [-0.09201496094465256], [0.0797605887055397], [-0.0015253324527293444], [-0.0004983464605174959], [0.0], [4.082383384229615e-05], [3.629613638622686e-05], [-2.4176708848244743e-06], [0.0], [0.0], [5.932308704359457e-05], [5.274367140373215e-05], [-3.513237061270047e-06], [0.0], [0.0], [0.00012105058704037219], [0.00010762509191408753], [-7.168880074459594e-06], [0.0], [0.0], [6.87291394569911e-05], [6.110652611823753e-05], [-4.070286195201334e-06], [0.0], [0.0], [-8.878290100255981e-05], [-7.893615838838741e-05], [5.2579116527340375e-06], [0.0], [0.0], [-1.9207784134778194e-05], [-1.7077483789762482e-05], [1.1375254871381912e-06], [0.0], [0.0], [8.66776372276945e-06], [7.70644055592129e-06], [-5.13323584527825e-07], [0.0], [0.0], [4.15874455939047e-06], [3.6975065995648038e-06], [-2.4628911887703e-07], [0.0], [0.0], [7.50081881051301e-07], [6.668917080787651e-07], [-4.442143008986932e-08], [0.0], [0.0], [5.314928444022371e-07], [4.725459632481943e-07], [-3.147612659404331e-08], [0.0], [0.0], [1.2910294344692375e-06], [1.1478439319034806e-06], [-7.645742527984112e-08], [0.0], [0.0], [5.320559353094723e-07], [4.7304666850322974e-07], [-3.1509458153777814e-08], [0.0], [0.0], [3.441574278895132e-07], [3.059876121369598e-07], [-2.0381767384947125e-08], [0.0], [0.0], [2.1774401375296293e-06], [1.9359440557309426e-06], [-1.289524789171992e-07], [0.0], [0.0], [0.0], [0.0], [0.0], [0.0], [0.0]], "decoded_lst": ["p", "id", "p", "num", "ten", "carboxamide", "residues", "participate", "binding", "pairs", "designed", "polyamide", "x", "sub", "sub", "x", "sub", "sub", "x", "sub", "sub", "x", "sub", "sub", "x", "sub", "sub", "x", "sub", "sub", "x", "sub", "sub", "x", "sub", "sub", "x", "sub", "sub", "x", "sub", "sub", "suitable", "binding", "identified", "sequence", "synthesized", "using", "known", "techniques", "e", "e", "p", "b", "describes", "solid", "phase", "synthesis", "polyamides", "containing", "imidazole", "pyrrole", "amino", "acids", "j", "chem", "soc", "also", "see", "pct", "us", "p"], "abstract_str": " p id  p 0129  num  0128  With all ten carboxamide residues that participate in the binding pairs now defined, the designed polyamide X sub 1  sub X sub 2  sub X sub 3  sub X sub 4  sub X sub 5  sub    x3b3  X sub 6  sub X sub 7  sub X sub 8  sub X sub 9  sub X sub 10   sub suitable for binding to the identified sequence was synthesized using known techniques  Baird, E  E    x26  Dervan, P  B  describes the solid phase synthesis of polyamides containing imidazole and pyrrole amino acids   i J  Am  Chem  Soc    i 118, 6141  x2013 6146 (1996)  also see PCT US 97 003332   p ", "pred_prob": [[0.9456595182418823, 0.026700718328356743, 0.016323145478963852, 0.011316529475152493]], "pred_label": [0]}