{"true_label": [1], "p_gens": [[0.009397253394126892], [0.012930769473314285], [0.02341800183057785], [-0.04154058173298836], [-0.04363510012626648], [0.017708053812384605], [0.04811897873878479], [0.03851901739835739], [-0.037237245589494705], [-0.004666478373110294], [0.10793646425008774], [0.023236025124788284], [0.03771539404988289], [0.0011366241378709674], [-0.04153881222009659], [0.019978076219558716], [0.014332822524011135], [0.02231602743268013], [-0.04750756919384003], [-0.04995552822947502], [0.013473747298121452], [0.18742066621780396], [-0.06303717195987701], [0.06647761166095734], [0.07325579971075058], [0.05378110334277153], [0.01864723116159439], [0.0037093455903232098], [-0.04630981758236885], [0.07367610186338425], [-0.011318117380142212], [-0.015508952550590038], [0.05428515002131462], [0.0034644301049411297], [0.033207133412361145], [0.007636916823685169], [0.012476414442062378], [0.008143304847180843], [0.028956430032849312], [0.04965141788125038], [0.018112536519765854], [0.1124887615442276], [0.17565090954303741], [0.02818516083061695], [0.0305124893784523], [0.0001133460464188829], [-7.347268547164276e-05], [-0.00033205837826244533], [0.0], [0.0], [-0.0002004100679187104], [7.610755346831866e-06], [6.982900231378153e-07], [0.0], [0.0], [0.0], [0.0], [0.0], [0.0], [0.0], [-0.00035233795642852783], [-0.0002686984371393919], [-6.180080526974052e-05], [0.0], [0.0], [0.0], [0.0], [0.0], [0.0], [0.0], [-0.00021337928774300963], [0.00016798268188722432], [0.0007019073818810284], [0.0], [0.0], [0.0], [0.0], [0.0], [0.0], [0.0], [0.0008407923742197454], [0.0010281087597832084], [0.0010483033256605268], [0.0], [0.0], [0.0], [0.0], [0.0], [0.0], [0.0], [0.0004541474627330899], [0.0007380832103081048], [0.0006125536165200174], [0.0], [0.0], [0.0], [0.0], [0.0], [0.0], [0.0], [-0.0007479205960407853], [-0.00045368127757683396], [-0.0002899863466154784], [0.0], [0.0], [0.0], [0.0], [0.0], [0.0], [0.0], [-0.0011777461040765047], [-0.0008201842429116368], [-0.0009827432222664356], [0.0], [0.0], [0.0], [0.0], [0.0], [0.0], [0.0], [-0.0005157872219569981], [-0.0003208173729944974], [-0.00041324784979224205], [0.0], [0.0], [0.0], [0.0], [0.0], [0.0], [0.0], [-0.00016728938498999923], [-0.0002977117255795747], [-0.0005831628805026412], [0.0], [0.0], [0.0], [0.0], [0.0], [0.0], [0.0], [0.0], [0.0], [0.0], [0.0], [0.0], [0.0], [0.0], [0.0], [0.0], [0.0]], "decoded_lst": ["p", "id", "p", "num", "such", "analysis", "can", "be", "based", "on", "pcr", "based", "assays", "for", "these", "using", "for", "instance", "quantitative", "real", "time", "pcr", "see", "e", "g", "bange", "et", "al", "cancer", "res", "in", "some", "primers", "and", "probes", "comprise", "at", "least", "contiguous", "nucleotides", "of", "seq", "id", "no", "p"], "abstract_str": " p id  p 0073  num  0072  Such analysis can be based on PCR based assays for these mutations, using for instance quantitative real time PCR  See e g  Bange et al , Cancer Res  62 840 847, 2002  In some examples, primers and probes comprise at least 15 contiguous nucleotides of SEQ ID NO  1   p ", "pred_prob": [[0.14309728145599365, 0.415894091129303, 0.05728461593389511, 0.15714557468891144, 0.22657842934131622]], "pred_label": [1]}